f1,f2,f3,f4,f5,f6,f7,f8,f9,f10
cxlak,nrhkuoqmx,wam,gd,rxrylllxrn,faoo,glgni,virnxccxpt,sapbtfixhdgmivqkm,icblirpubh
cxlak,nrhkuoqmx,wam,gd,rxrylllxrn,faoo,glgni,virnxccxpt,sapbtfixhdgmivqkm,icblirpubh
cxlak,nrhkuoqmx,wam,gd,rxrylllxrn,faoo,glgni,virnxccxpt,sapbtfixhdgmivqkm,icblirpubh
cxlak,nrhkuoqmx,wam,gd,rxrylllxrn,faoo,glgni,virnxccxpt,sapbtfixhdgmivqkm,icblirpubh
cxlak,nrhkuoqmx,wam,gd,rxrylllxrn,faoo,glgni,virnxccxpt,sapbtfixhdgmivqkm,icblirpubh
cxlak,nrhkuoqmx,wam,gd,rxrylllxrn,faoo,glgni,virnxccxpt,sapbtfixhdgmivqkm,icblirpubh
cxlak,nrhkuoqmx,wam,gd,rxrylllxrn,faoo,glgni,virnxccxpt,sapbtfixhdgmivqkm,icblirpubh
cxlak,nrhkuoqmx,wam,gd,rxrylllxrn,faoo,glgni,virnxccxpt,sapbtfixhdgmivqkm,icblirpubh
cxlak,nrhkuoqmx,wam,gd,rxrylllxrn,faoo,glgni,virnxccxpt,sapbtfixhdgmivqkm,icblirpubh
cxlak,nrhkuoqmx,wam,gd,rxrylllxrn,faoo,glgni,virnxccxpt,sapbtfixhdgmivqkm,icblirpubh
cxlak,nrhkuoqmx,wam,gd,rxrylllxrn,faoo,glgni,virnxccxpt,sapbtfixhdgmivqkm,icblirpubh
cxlak,nrhkuoqmx,wam,gd,rxrylllxrn,faoo,glgni,virnxccxpt,sapbtfixhdgmivqkm,icblirpubh
cxlak,nrhkuoqmx,wam,gd,rxrylllxrn,faoo,glgni,virnxccxpt,sapbtfixhdgmivqkm,icblirpubh
cxlak,nrhkuoqmx,wam,gd,rxrylllxrn,faoo,glgni,virnxccxpt,sapbtfixhdgmivqkm,icblirpubh
cxlak,nrhkuoqmx,wam,gd,rxrylllxrn,faoo,glgni,virnxccxpt,sapbtfixhdgmivqkm,icblirpubh
cxlak,nrhkuoqmx,wam,gd,rxrylllxrn,faoo,glgni,virnxccxpt,sapbtfixhdgmivqkm,icblirpubh
cxlak,nrhkuoqmx,wam,gd,rxrylllxrn,faoo,glgni,virnxccxpt,sapbtfixhdgmivqkm,icblirpubh
cxlak,nrhkuoqmx,wam,gd,rxrylllxrn,faoo,glgni,virnxccxpt,sapbtfixhdgmivqkm,icblirpubh
cxlak,nrhkuoqmx,wam,gd,rxrylllxrn,faoo,glgni,virnxccxpt,sapbtfixhdgmivqkm,icblirpubh
cxlak,nrhkuoqmx,wam,gd,rxrylllxrn,faoo,glgni,virnxccxpt,sapbtfixhdgmivqkm,icblirpubh
cxlak,nrhkuoqmx,wam,gd,rxrylllxrn,faoo,glgni,virnxccxpt,sapbtfixhdgmivqkm,icblirpubh
cxlak,nrhkuoqmx,wam,gd,rxrylllxrn,faoo,glgni,virnxccxpt,sapbtfixhdgmivqkm,icblirpubh
cxlak,nrhkuoqmx,wam,gd,rxrylllxrn,faoo,glgni,virnxccxpt,sapbtfixhdgmivqkm,icblirpubh
cxlak,nrhkuoqmx,wam,gd,rxrylllxrn,faoo,glgni,virnxccxpt,sapbtfixhdgmivqkm,icblirpubh
cxlak,nrhkuoqmx,wam,gd,rxrylllxrn,faoo,glgni,virnxccxpt,sapbtfixhdgmivqkm,icblirpubh
cxlak,nrhkuoqmx,wam,gd,rxrylllxrn,faoo,glgni,virnxccxpt,sapbtfixhdgmivqkm,icblirpubh
cxlak,nrhkuoqmx,wam,gd,rxrylllxrn,faoo,glgni,virnxccxpt,sapbtfixhdgmivqkm,icblirpubh
cxlak,nrhkuoqmx,wam,gd,rxrylllxrn,faoo,glgni,virnxccxpt,sapbtfixhdgmivqkm,icblirpubh
cxlak,nrhkuoqmx,wam,gd,rxrylllxrn,faoo,glgni,virnxccxpt,sapbtfixhdgmivqkm,icblirpubh
cxlak,nrhkuoqmx,wam,gd,rxrylllxrn,faoo,glgni,virnxccxpt,sapbtfixhdgmivqkm,icblirpubh
cxlak,nrhkuoqmx,wam,gd,rxrylllxrn,faoo,glgni,virnxccxpt,sapbtfixhdgmivqkm,icblirpubh
cxlak,nrhkuoqmx,wam,gd,rxrylllxrn,faoo,glgni,virnxccxpt,sapbtfixhdgmivqkm,icblirpubh
cxlak,nrhkuoqmx,wam,gd,rxrylllxrn,faoo,glgni,virnxccxpt,sapbtfixhdgmivqkm,icblirpubh
cxlak,nrhkuoqmx,wam,gd,rxrylllxrn,faoo,glgni,virnxccxpt,sapbtfixhdgmivqkm,icblirpubh
cxlak,nrhkuoqmx,wam,gd,rxrylllxrn,faoo,glgni,virnxccxpt,sapbtfixhdgmivqkm,icblirpubh
cxlak,nrhkuoqmx,wam,gd,rxrylllxrn,faoo,glgni,virnxccxpt,sapbtfixhdgmivqkm,icblirpubh
cxlak,nrhkuoqmx,wam,gd,rxrylllxrn,faoo,glgni,virnxccxpt,sapbtfixhdgmivqkm,icblirpubh
cxlak,nrhkuoqmx,wam,gd,rxrylllxrn,faoo,glgni,virnxccxpt,sapbtfixhdgmivqkm,icblirpubh
cxlak,nrhkuoqmx,wam,gd,rxrylllxrn,faoo,glgni,virnxccxpt,sapbtfixhdgmivqkm,icblirpubh
cxlak,nrhkuoqmx,wam,gd,rxrylllxrn,faoo,glgni,virnxccxpt,sapbtfixhdgmivqkm,icblirpubh
cxlak,nrhkuoqmx,wam,gd,rxrylllxrn,faoo,glgni,virnxccxpt,sapbtfixhdgmivqkm,icblirpubh
cxlak,nrhkuoqmx,wam,gd,rxrylllxrn,faoo,glgni,virnxccxpt,sapbtfixhdgmivqkm,icblirpubh
cxlak,nrhkuoqmx,wam,gd,rxrylllxrn,faoo,glgni,virnxccxpt,sapbtfixhdgmivqkm,icblirpubh
cxlak,nrhkuoqmx,wam,gd,rxrylllxrn,faoo,glgni,virnxccxpt,sapbtfixhdgmivqkm,icblirpubh
cxlak,nrhkuoqmx,wam,gd,rxrylllxrn,faoo,glgni,virnxccxpt,sapbtfixhdgmivqkm,icblirpubh
cxlak,nrhkuoqmx,wam,gd,rxrylllxrn,faoo,glgni,virnxccxpt,sapbtfixhdgmivqkm,icblirpubh
cxlak,nrhkuoqmx,wam,gd,rxrylllxrn,faoo,glgni,virnxccxpt,sapbtfixhdgmivqkm,icblirpubh
cxlak,nrhkuoqmx,wam,gd,rxrylllxrn,faoo,glgni,virnxccxpt,sapbtfixhdgmivqkm,icblirpubh
cxlak,nrhkuoqmx,wam,gd,rxrylllxrn,faoo,glgni,virnxccxpt,sapbtfixhdgmivqkm,icblirpubh
cxlak,nrhkuoqmx,wam,gd,rxrylllxrn,faoo,glgni,virnxccxpt,sapbtfixhdgmivqkm,icblirpubh
cxlak,nrhkuoqmx,wam,gd,rxrylllxrn,faoo,glgni,virnxccxpt,sapbtfixhdgmivqkm,icblirpubh
cxlak,nrhkuoqmx,wam,gd,rxrylllxrn,faoo,glgni,virnxccxpt,sapbtfixhdgmivqkm,icblirpubh
cxlak,nrhkuoqmx,wam,gd,rxrylllxrn,faoo,glgni,virnxccxpt,sapbtfixhdgmivqkm,icblirpubh
cxlak,nrhkuoqmx,wam,gd,rxrylllxrn,faoo,glgni,virnxccxpt,sapbtfixhdgmivqkm,icblirpubh
cxlak,nrhkuoqmx,wam,gd,rxrylllxrn,faoo,glgni,virnxccxpt,sapbtfixhdgmivqkm,icblirpubh
cxlak,nrhkuoqmx,wam,gd,rxrylllxrn,faoo,glgni,virnxccxpt,sapbtfixhdgmivqkm,icblirpubh
cxlak,nrhkuoqmx,wam,gd,rxrylllxrn,faoo,glgni,virnxccxpt,sapbtfixhdgmivqkm,icblirpubh
cxlak,nrhkuoqmx,wam,gd,rxrylllxrn,faoo,glgni,virnxccxpt,sapbtfixhdgmivqkm,icblirpubh
cxlak,nrhkuoqmx,wam,gd,rxrylllxrn,faoo,glgni,virnxccxpt,sapbtfixhdgmivqkm,icblirpubh
cxlak,nrhkuoqmx,wam,gd,rxrylllxrn,faoo,glgni,virnxccxpt,sapbtfixhdgmivqkm,icblirpubh
cxlak,nrhkuoqmx,wam,gd,rxrylllxrn,faoo,glgni,virnxccxpt,sapbtfixhdgmivqkm,icblirpubh
cxlak,nrhkuoqmx,wam,gd,rxrylllxrn,faoo,glgni,virnxccxpt,sapbtfixhdgmivqkm,icblirpubh
cxlak,nrhkuoqmx,wam,gd,rxrylllxrn,faoo,glgni,virnxccxpt,sapbtfixhdgmivqkm,icblirpubh
cxlak,nrhkuoqmx,wam,gd,rxrylllxrn,faoo,glgni,virnxccxpt,sapbtfixhdgmivqkm,icblirpubh
cxlak,nrhkuoqmx,wam,gd,rxrylllxrn,faoo,glgni,virnxccxpt,sapbtfixhdgmivqkm,icblirpubh
cxlak,nrhkuoqmx,wam,gd,rxrylllxrn,faoo,glgni,virnxccxpt,sapbtfixhdgmivqkm,icblirpubh
cxlak,nrhkuoqmx,wam,gd,rxrylllxrn,faoo,glgni,virnxccxpt,sapbtfixhdgmivqkm,icblirpubh
cxlak,nrhkuoqmx,wam,gd,rxrylllxrn,faoo,glgni,virnxccxpt,sapbtfixhdgmivqkm,icblirpubh
cxlak,nrhkuoqmx,wam,gd,rxrylllxrn,faoo,glgni,virnxccxpt,sapbtfixhdgmivqkm,icblirpubh
cxlak,nrhkuoqmx,wam,gd,rxrylllxrn,faoo,glgni,virnxccxpt,sapbtfixhdgmivqkm,icblirpubh
cxlak,nrhkuoqmx,wam,gd,rxrylllxrn,faoo,glgni,virnxccxpt,sapbtfixhdgmivqkm,icblirpubh
cxlak,nrhkuoqmx,wam,gd,rxrylllxrn,faoo,glgni,virnxccxpt,sapbtfixhdgmivqkm,icblirpubh
cxlak,nrhkuoqmx,wam,gd,rxrylllxrn,faoo,glgni,virnxccxpt,sapbtfixhdgmivqkm,icblirpubh
cxlak,nrhkuoqmx,wam,gd,rxrylllxrn,faoo,glgni,virnxccxpt,sapbtfixhdgmivqkm,icblirpubh
cxlak,nrhkuoqmx,wam,gd,rxrylllxrn,faoo,glgni,virnxccxpt,sapbtfixhdgmivqkm,icblirpubh
cxlak,nrhkuoqmx,wam,gd,rxrylllxrn,faoo,glgni,virnxccxpt,sapbtfixhdgmivqkm,icblirpubh
cxlak,nrhkuoqmx,wam,gd,rxrylllxrn,faoo,glgni,virnxccxpt,sapbtfixhdgmivqkm,icblirpubh
cxlak,nrhkuoqmx,wam,gd,rxrylllxrn,faoo,glgni,virnxccxpt,sapbtfixhdgmivqkm,icblirpubh
cxlak,nrhkuoqmx,wam,gd,rxrylllxrn,faoo,glgni,virnxccxpt,sapbtfixhdgmivqkm,icblirpubh
cxlak,nrhkuoqmx,wam,gd,rxrylllxrn,faoo,glgni,virnxccxpt,sapbtfixhdgmivqkm,icblirpubh
cxlak,nrhkuoqmx,wam,gd,rxrylllxrn,faoo,glgni,virnxccxpt,sapbtfixhdgmivqkm,icblirpubh
cxlak,nrhkuoqmx,wam,gd,rxrylllxrn,faoo,glgni,virnxccxpt,sapbtfixhdgmivqkm,icblirpubh
cxlak,nrhkuoqmx,wam,gd,rxrylllxrn,faoo,glgni,virnxccxpt,sapbtfixhdgmivqkm,icblirpubh
cxlak,nrhkuoqmx,wam,gd,rxrylllxrn,faoo,glgni,virnxccxpt,sapbtfixhdgmivqkm,icblirpubh
cxlak,nrhkuoqmx,wam,gd,rxrylllxrn,faoo,glgni,virnxccxpt,sapbtfixhdgmivqkm,icblirpubh
cxlak,nrhkuoqmx,wam,gd,rxrylllxrn,faoo,glgni,virnxccxpt,sapbtfixhdgmivqkm,icblirpubh
cxlak,nrhkuoqmx,wam,gd,rxrylllxrn,faoo,glgni,virnxccxpt,sapbtfixhdgmivqkm,icblirpubh
cxlak,nrhkuoqmx,wam,gd,rxrylllxrn,faoo,glgni,virnxccxpt,sapbtfixhdgmivqkm,icblirpubh
cxlak,nrhkuoqmx,wam,gd,rxrylllxrn,faoo,glgni,virnxccxpt,sapbtfixhdgmivqkm,icblirpubh
cxlak,nrhkuoqmx,wam,gd,rxrylllxrn,faoo,glgni,virnxccxpt,sapbtfixhdgmivqkm,icblirpubh
cxlak,nrhkuoqmx,wam,gd,rxrylllxrn,faoo,glgni,virnxccxpt,sapbtfixhdgmivqkm,icblirpubh
cxlak,nrhkuoqmx,wam,gd,rxrylllxrn,faoo,glgni,virnxccxpt,sapbtfixhdgmivqkm,icblirpubh
cxlak,nrhkuoqmx,wam,gd,rxrylllxrn,faoo,glgni,virnxccxpt,sapbtfixhdgmivqkm,icblirpubh
cxlak,nrhkuoqmx,wam,gd,rxrylllxrn,faoo,glgni,virnxccxpt,sapbtfixhdgmivqkm,icblirpubh
cxlak,nrhkuoqmx,wam,gd,rxrylllxrn,faoo,glgni,virnxccxpt,sapbtfixhdgmivqkm,icblirpubh
cxlak,nrhkuoqmx,wam,gd,rxrylllxrn,faoo,glgni,virnxccxpt,sapbtfixhdgmivqkm,icblirpubh
cxlak,nrhkuoqmx,wam,gd,rxrylllxrn,faoo,glgni,virnxccxpt,sapbtfixhdgmivqkm,icblirpubh
cxlak,nrhkuoqmx,wam,gd,rxrylllxrn,faoo,glgni,virnxccxpt,sapbtfixhdgmivqkm,icblirpubh
cxlak,nrhkuoqmx,wam,gd,rxrylllxrn,faoo,glgni,virnxccxpt,sapbtfixhdgmivqkm,icblirpubh
cxlak,nrhkuoqmx,wam,gd,rxrylllxrn,faoo,glgni,virnxccxpt,sapbtfixhdgmivqkm,icblirpubh
